month_id,month_name,year_id
1,January,1
2,February,1
3,March,1
4,April,1
5,May,1
6,June,1
7,July,1
8,August,1
9,September,1
10,October,1
11,November,1
12,December,1
13,January,2
14,February,2
15,March,2
16,April,2
17,May,2
18,June,2
19,July,2
20,August,2
21,September,2
22,October,2
23,November,2
24,December,2
25,January,3
26,February,3
27,March,3
28,April,3
29,May,3
30,June,3
31,July,3
32,August,3
33,September,3
34,October,3
35,November,3
36,December,3
37,January,4
38,February,4
39,March,4
40,April,4
41,May,4
42,June,4
43,July,4
44,August,4
45,September,4
46,October,4
47,November,4
48,December,4
49,January,5
50,February,5
51,March,5
52,April,5
53,May,5
54,June,5
55,July,5
56,August,5
57,September,5
58,October,5
59,November,5
60,December,5
61,January,6
62,February,6
63,March,6
64,April,6
65,May,6
66,June,6
67,July,6
68,August,6
69,September,6
70,October,6
71,November,6
72,December,6
73,January,7
74,February,7
75,March,7
76,April,7
77,May,7
78,June,7
79,July,7
80,August,7
81,September,7
82,October,7
83,November,7
84,December,7
85,January,8
86,February,8
87,March,8
88,April,8
89,May,8
90,June,8
91,July,8
92,August,8
93,September,8
94,October,8
95,November,8
96,December,8
97,January,9
98,February,9
99,March,9
100,April,9
101,May,9
102,June,9
103,July,9
104,August,9
105,September,9
106,October,9
107,November,9
108,December,9
109,January,10
110,February,10
111,March,10
112,April,10
113,May,10
114,June,10
115,July,10
116,August,10
117,September,10
118,October,10
119,November,10
120,December,10
121,January,11
122,February,11
123,March,11
124,April,11
125,May,11
126,June,11
127,July,11
128,August,11
129,September,11
130,October,11
131,November,11
132,December,11
133,January,12
134,February,12
135,March,12
136,April,12
137,May,12
138,June,12
139,July,12
140,August,12
141,September,12
142,October,12
143,November,12
144,December,12
145,January,13
146,February,13
147,March,13
148,April,13
149,May,13
150,June,13
151,July,13
152,August,13
153,September,13
154,October,13
155,November,13
156,December,13
157,January,14
158,February,14
159,March,14
160,April,14
161,May,14
162,June,14
163,July,14
164,August,14
165,September,14
166,October,14
167,November,14
168,December,14
169,January,15
170,February,15
171,March,15
172,April,15
173,May,15
174,June,15
175,July,15
176,August,15
177,September,15
178,October,15
179,November,15
180,December,15
181,January,16
182,February,16
183,March,16
184,April,16
185,May,16
186,June,16
187,July,16
188,August,16
189,September,16
190,October,16
191,November,16
192,December,16
193,January,17
194,February,17
195,March,17
196,April,17
197,May,17
198,June,17
199,July,17
200,August,17
201,September,17
202,October,17
203,November,17
204,December,17
205,January,18
206,February,18
207,March,18
208,April,18
209,May,18
210,June,18
211,July,18
212,August,18
213,September,18
214,October,18
215,November,18
216,December,18
217,January,19
218,February,19
219,March,19
220,April,19
221,May,19
222,June,19
223,July,19
224,August,19
225,September,19
226,October,19
227,November,19
228,December,19
229,January,20
230,February,20
231,March,20
232,April,20
233,May,20
234,June,20
235,July,20
236,August,20
237,September,20
238,October,20
239,November,20
240,December,20
241,January,21
242,February,21
243,March,21
244,April,21
245,May,21
246,June,21
247,July,21
248,August,21
249,September,21
250,October,21
251,November,21
252,December,21
253,January,22
254,February,22
255,March,22
256,April,22
257,May,22
258,June,22
259,July,22
260,August,22
261,September,22
262,October,22
263,November,22
264,December,22
265,January,23
266,February,23
267,March,23
268,April,23
269,May,23
270,June,23
271,July,23
272,August,23
273,September,23
274,October,23
275,November,23
276,December,23
277,January,24
278,February,24
279,March,24
280,April,24
281,May,24
282,June,24
283,July,24
284,August,24
285,September,24
286,October,24
287,November,24
288,December,24
289,January,25
290,February,25
291,March,25
292,April,25
293,May,25
294,June,25
295,July,25
296,August,25
297,September,25
298,October,25
299,November,25
300,December,25
301,January,26
302,February,26
303,March,26
304,April,26
305,May,26
306,June,26
307,July,26
308,August,26
309,September,26
310,October,26
311,November,26
312,December,26
313,January,27
314,February,27
315,March,27
316,April,27
317,May,27
318,June,27
319,July,27
320,August,27
321,September,27
322,October,27
323,November,27
324,December,27
325,January,28
326,February,28
327,March,28
328,April,28
329,May,28
330,June,28
331,July,28
332,August,28
333,September,28
334,October,28
335,November,28
336,December,28
337,January,29
338,February,29
339,March,29
340,April,29
341,May,29
342,June,29
343,July,29
344,August,29
345,September,29
346,October,29
347,November,29
348,December,29
349,January,30
350,February,30
351,March,30
352,April,30
353,May,30
354,June,30
355,July,30
356,August,30
357,September,30
358,October,30
359,November,30
360,December,30
361,January,31
362,February,31
363,March,31
364,April,31
365,May,31
366,June,31
367,July,31
368,August,31
369,September,31
370,October,31
371,November,31
372,December,31
373,January,32
374,February,32
375,March,32
376,April,32
377,May,32
378,June,32
379,July,32
380,August,32
381,September,32
382,October,32
383,November,32
384,December,32
385,January,33
386,February,33
387,March,33
388,April,33
389,May,33
390,June,33
391,July,33
392,August,33
393,September,33
394,October,33
395,November,33
396,December,33
397,January,34
398,February,34
399,March,34
400,April,34
401,May,34
402,June,34
403,July,34
404,August,34
405,September,34
406,October,34
407,November,34
408,December,34
409,January,35
410,February,35
411,March,35
412,April,35
413,May,35
414,June,35
415,July,35
416,August,35
417,September,35
418,October,35
419,November,35
420,December,35
421,January,36
422,February,36
423,March,36
424,April,36
425,May,36
426,June,36
427,July,36
428,August,36
429,September,36
430,October,36
431,November,36
432,December,36
433,January,37
434,February,37
435,March,37
436,April,37
437,May,37
438,June,37
439,July,37
440,August,37
441,September,37
442,October,37
443,November,37
444,December,37
445,January,38
446,February,38
447,March,38
448,April,38
449,May,38
450,June,38
451,July,38
452,August,38
453,September,38
454,October,38
455,November,38
456,December,38
457,January,39
458,February,39
459,March,39
460,April,39
461,May,39
462,June,39
463,July,39
464,August,39
465,September,39
466,October,39
467,November,39
468,December,39
469,January,40
470,February,40
471,March,40
472,April,40
473,May,40
474,June,40
475,July,40
476,August,40
477,September,40
478,October,40
479,November,40
480,December,40
481,January,41
482,February,41
483,March,41
484,April,41
485,May,41
486,June,41
487,July,41
488,August,41
489,September,41
490,October,41
491,November,41
492,December,41
493,January,42
494,February,42
495,March,42
496,April,42
497,May,42
498,June,42
499,July,42
500,August,42
501,September,42
502,October,42
503,November,42
504,December,42
505,January,43
506,February,43
507,March,43
508,April,43
509,May,43
510,June,43
511,July,43
512,August,43
513,September,43
514,October,43
515,November,43
516,December,43
517,January,44
518,February,44
519,March,44
520,April,44
521,May,44
522,June,44
523,July,44
524,August,44
525,September,44
526,October,44
527,November,44
528,December,44
529,January,45
530,February,45
531,March,45
532,April,45
533,May,45
534,June,45
535,July,45
536,August,45
537,September,45
538,October,45
539,November,45
540,December,45
541,January,46
542,February,46
543,March,46
544,April,46
545,May,46
546,June,46
547,July,46
548,August,46
549,September,46
550,October,46
551,November,46
552,December,46
553,January,47
554,February,47
555,March,47
556,April,47
557,May,47
558,June,47
559,July,47
560,August,47
561,September,47
562,October,47
563,November,47
564,December,47
565,January,48
566,February,48
567,March,48
568,April,48
569,May,48
570,June,48
571,July,48
572,August,48
573,September,48
574,October,48
575,November,48
576,December,48
577,January,49
578,February,49
579,March,49
580,April,49
581,May,49
582,June,49
583,July,49
584,August,49
585,September,49
586,October,49
587,November,49
588,December,49
589,January,50
590,February,50
591,March,50
592,April,50
593,May,50
594,June,50
595,July,50
596,August,50
597,September,50
598,October,50
599,November,50
600,December,50
601,January,51
602,February,51
603,March,51
604,April,51
605,May,51
606,June,51
607,July,51
608,August,51
609,September,51
610,October,51
611,November,51
612,December,51
613,January,52
614,February,52
615,March,52
616,April,52
617,May,52
618,June,52
619,July,52
620,August,52
621,September,52
622,October,52
623,November,52
624,December,52
625,January,53
626,February,53
627,March,53
628,April,53
629,May,53
630,June,53
631,July,53
632,August,53
633,September,53
634,October,53
635,November,53
636,December,53
637,January,54
638,February,54
639,March,54
640,April,54
641,May,54
642,June,54
643,July,54
644,August,54
645,September,54
646,October,54
647,November,54
648,December,54
649,January,55
650,February,55
651,March,55
652,April,55
653,May,55
654,June,55
655,July,55
656,August,55
657,September,55
658,October,55
659,November,55
660,December,55
661,January,56
662,February,56
663,March,56
664,April,56
665,May,56
666,June,56
667,July,56
668,August,56
669,September,56
670,October,56
671,November,56
672,December,56
673,January,57
674,February,57
675,March,57
676,April,57
677,May,57
678,June,57
679,July,57
680,August,57
681,September,57
682,October,57
683,November,57
684,December,57
685,January,58
686,February,58
687,March,58
688,April,58
689,May,58
690,June,58
691,July,58
692,August,58
693,September,58
694,October,58
695,November,58
696,December,58
697,January,59
698,February,59
699,March,59
700,April,59
701,May,59
702,June,59
703,July,59
704,August,59
705,September,59
706,October,59
707,November,59
708,December,59
709,January,60
710,February,60
711,March,60
712,April,60
713,May,60
714,June,60
715,July,60
716,August,60
717,September,60
718,October,60
719,November,60
720,December,60
721,January,61
722,February,61
723,March,61
724,April,61
725,May,61
726,June,61
727,July,61
728,August,61
729,September,61
730,October,61
731,November,61
732,December,61
733,January,62
734,February,62
735,March,62
736,April,62
737,May,62
738,June,62
739,July,62
740,August,62
741,September,62
742,October,62
743,November,62
744,December,62
745,January,63
746,February,63
747,March,63
748,April,63
749,May,63
750,June,63
751,July,63
752,August,63
753,September,63
754,October,63
755,November,63
756,December,63
757,January,64
758,February,64
759,March,64
760,April,64
761,May,64
762,June,64
763,July,64
764,August,64
765,September,64
766,October,64
767,November,64
768,December,64
769,January,65
770,February,65
771,March,65
772,April,65
773,May,65
774,June,65
775,July,65
776,August,65
777,September,65
778,October,65
779,November,65
780,December,65
781,January,66
782,February,66
783,March,66
784,April,66
785,May,66
786,June,66
787,July,66
788,August,66
789,September,66
790,October,66
791,November,66
792,December,66
793,January,67
794,February,67
795,March,67
796,April,67
797,May,67
798,June,67
799,July,67
800,August,67
801,September,67
802,October,67
803,November,67
804,December,67
805,January,68
806,February,68
807,March,68
808,April,68
809,May,68
810,June,68
811,July,68
812,August,68
813,September,68
814,October,68
815,November,68
816,December,68
817,January,69
818,February,69
819,March,69
820,April,69
821,May,69
822,June,69
823,July,69
824,August,69
825,September,69
826,October,69
827,November,69
828,December,69
829,January,70
830,February,70
831,March,70
832,April,70
833,May,70
834,June,70
835,July,70
836,August,70
837,September,70
838,October,70
839,November,70
840,December,70
841,January,71
842,February,71
843,March,71
844,April,71
845,May,71
846,June,71
847,July,71
848,August,71
849,September,71
850,October,71
851,November,71
852,December,71
853,January,72
854,February,72
855,March,72
856,April,72
857,May,72
858,June,72
859,July,72
860,August,72
861,September,72
862,October,72
863,November,72
864,December,72
865,January,73
866,February,73
867,March,73
868,April,73
869,May,73
870,June,73
871,July,73
872,August,73
873,September,73
874,October,73
875,November,73
876,December,73
877,January,74
878,February,74
879,March,74
880,April,74
881,May,74
882,June,74
883,July,74
884,August,74
885,September,74
886,October,74
887,November,74
888,December,74
889,January,75
890,February,75
891,March,75
892,April,75
893,May,75
894,June,75
895,July,75
896,August,75
897,September,75
898,October,75
899,November,75
900,December,75
901,January,76
902,February,76
903,March,76
904,April,76
905,May,76
906,June,76
907,July,76
908,August,76
909,September,76
910,October,76
911,November,76
912,December,76
913,January,77
914,February,77
915,March,77
916,April,77
917,May,77
918,June,77
919,July,77
920,August,77
921,September,77
922,October,77
923,November,77
924,December,77
925,January,78
926,February,78
927,March,78
928,April,78
929,May,78
930,June,78
931,July,78
932,August,78
933,September,78
934,October,78
935,November,78
936,December,78
937,January,79
938,February,79
939,March,79
940,April,79
941,May,79
942,June,79
943,July,79
944,August,79
945,September,79
946,October,79
947,November,79
948,December,79
949,January,80
950,February,80
951,March,80
952,April,80
953,May,80
954,June,80
955,July,80
956,August,80
957,September,80
958,October,80
959,November,80
960,December,80
961,January,81
962,February,81
963,March,81
964,April,81
965,May,81
966,June,81
967,July,81
968,August,81
969,September,81
970,October,81
971,November,81
972,December,81
973,January,82
974,February,82
975,March,82
976,April,82
977,May,82
978,June,82
979,July,82
980,August,82
981,September,82
982,October,82
983,November,82
984,December,82
985,January,83
986,February,83
987,March,83
988,April,83
989,May,83
990,June,83
991,July,83
992,August,83
993,September,83
994,October,83
995,November,83
996,December,83
997,January,84
998,February,84
999,March,84
1000,April,84
1001,May,84
1002,June,84
1003,July,84
1004,August,84
1005,September,84
1006,October,84
1007,November,84
1008,December,84
1009,January,85
1010,February,85
1011,March,85
1012,April,85
1013,May,85
1014,June,85
1015,July,85
1016,August,85
1017,September,85
1018,October,85
1019,November,85
1020,December,85
